{
  "tests": [
    {
      "name": "ItemPedido - Atributos",
      "setup": "",
      "run": "mvn test -DargLine=\"-Dfile.encoding=UTF-8\" -Dtest=\\ItemPedidoTest\\$AtributosTest",
      "input": "",
      "output": "",
      "comparison": "exact",
      "timeout": 10,
      "points": 1
    },
    {
      "name": "ItemPedido - Métodos",
      "setup": "",
      "run": "mvn test -DargLine=\"-Dfile.encoding=UTF-8\" -Dtest=\\ItemPedidoTest\\$MetodosTest",
      "input": "",
      "output": "",
      "comparison": "exact",
      "timeout": 10,
      "points": 1
    },
    {
      "name": "ItemPedido - Encapsulamento",
      "setup": "",
      "run": "mvn test -DargLine=\"-Dfile.encoding=UTF-8\" -Dtest=\\ItemPedidoTest\\$EncapsulamentoTest",
      "input": "",
      "output": "",
      "comparison": "exact",
      "timeout": 10,
      "points": 1
    },
    {
      "name": "ItemPedido - Método - calcularSubtotal",
      "setup": "",
      "run": "mvn test -DargLine=\"-Dfile.encoding=UTF-8\" -Dtest=\\ItemPedidoTest\\$CalcularSubtotalTest",
      "input": "",
      "output": "",
      "comparison": "exact",
      "timeout": 10,
      "points": 1
    },
    {
      "name": "PedidoDelivery - Atributos",
      "setup": "",
      "run": "mvn test -DargLine=\"-Dfile.encoding=UTF-8\" -Dtest=\\PedidoDeliveryTest\\$AtributosTest",
      "input": "",
      "output": "",
      "comparison": "exact",
      "timeout": 10,
      "points": 1
    },
    {
      "name": "PedidoDelivery - Métodos",
      "setup": "",
      "run": "mvn test -DargLine=\"-Dfile.encoding=UTF-8\" -Dtest=\\PedidoDeliveryTest\\$MetodosTest",
      "input": "",
      "output": "",
      "comparison": "exact",
      "timeout": 10,
      "points": 1
    },
    {
      "name": "PedidoDelivery - Encapsulamento",
      "setup": "",
      "run": "mvn test -DargLine=\"-Dfile.encoding=UTF-8\" -Dtest=\\PedidoDeliveryTest\\$EncapsulamentoTest",
      "input": "",
      "output": "",
      "comparison": "exact",
      "timeout": 10,
      "points": 1
    },
    {
      "name": "PedidoDelivery - Método - calcularTotal",
      "setup": "",
      "run": "mvn test -DargLine=\"-Dfile.encoding=UTF-8\" -Dtest=\\PedidoDeliveryTest\\$MetodoCalcularTotalTest",
      "input": "",
      "output": "",
      "comparison": "exact",
      "timeout": 10,
      "points": 1
    },
    {
      "name": "PedidoDelivery - Método - calcularFrete",
      "setup": "",
      "run": "mvn test -DargLine=\"-Dfile.encoding=UTF-8\" -Dtest=\\PedidoDeliveryTest\\$MetodoCalcularFreteTest",
      "input": "",
      "output": "",
      "comparison": "exact",
      "timeout": 10,
      "points": 1
    },
    {
      "name": "PedidoRestaurante - Atributos",
      "setup": "",
      "run": "mvn test -DargLine=\"-Dfile.encoding=UTF-8\" -Dtest=\\PedidoRestauranteTest\\$AtributosTest",
      "input": "",
      "output": "",
      "comparison": "exact",
      "timeout": 10,
      "points": 1
    },
    {
      "name": "PedidoRestaurante - Métodos",
      "setup": "",
      "run": "mvn test -DargLine=\"-Dfile.encoding=UTF-8\" -Dtest=\\PedidoRestauranteTest\\$MetodosTest",
      "input": "",
      "output": "",
      "comparison": "exact",
      "timeout": 10,
      "points": 1
    },
    {
      "name": "PedidoRestaurante - Encapsulamento",
      "setup": "",
      "run": "mvn test -DargLine=\"-Dfile.encoding=UTF-8\" -Dtest=\\PedidoRestauranteTest\\$EncapsulamentoTest",
      "input": "",
      "output": "",
      "comparison": "exact",
      "timeout": 10,
      "points": 1
    },
    {
      "name": "PedidoRestaurante - Método - calcularTotal",
      "setup": "",
      "run": "mvn test -DargLine=\"-Dfile.encoding=UTF-8\" -Dtest=\\PedidoRestauranteTest\\$MetodoCalcularTotalTest",
      "input": "",
      "output": "",
      "comparison": "exact",
      "timeout": 10,
      "points": 1
    },
    {
      "name": "Pedido - Atributos",
      "setup": "",
      "run": "mvn test -DargLine=\"-Dfile.encoding=UTF-8\" -Dtest=\\PedidoTest\\$AtributosTest",
      "input": "",
      "output": "",
      "comparison": "exact",
      "timeout": 10,
      "points": 1
    },
    {
      "name": "Pedido - Métodos",
      "setup": "",
      "run": "mvn test -DargLine=\"-Dfile.encoding=UTF-8\" -Dtest=\\PedidoTest\\$MetodosTest",
      "input": "",
      "output": "",
      "comparison": "exact",
      "timeout": 10,
      "points": 1
    },
    {
      "name": "Pedido - Encapsulamento",
      "setup": "",
      "run": "mvn test -DargLine=\"-Dfile.encoding=UTF-8\" -Dtest=\\PedidoTest\\$EncapsulamentoTest",
      "input": "",
      "output": "",
      "comparison": "exact",
      "timeout": 10,
      "points": 1
    },
    {
      "name": "Pedido - Método - adicionarItem",
      "setup": "",
      "run": "mvn test -DargLine=\"-Dfile.encoding=UTF-8\" -Dtest=\\PedidoTest\\$AdicionarItemTest",
      "input": "",
      "output": "",
      "comparison": "exact",
      "timeout": 10,
      "points": 1
    },
    {
      "name": "Pizzaria - Atributos",
      "setup": "",
      "run": "mvn test -DargLine=\"-Dfile.encoding=UTF-8\" -Dtest=\\PizzariaTest\\$AtributosTest",
      "input": "",
      "output": "",
      "comparison": "exact",
      "timeout": 10,
      "points": 1
    },
    {
      "name": "Pizzaria - Métodos",
      "setup": "",
      "run": "mvn test -DargLine=\"-Dfile.encoding=UTF-8\" -Dtest=\\PizzariaTest\\$MetodosTest",
      "input": "",
      "output": "",
      "comparison": "exact",
      "timeout": 10,
      "points": 1
    },
    {
      "name": "Pizzaria - Encapsulamento",
      "setup": "",
      "run": "mvn test -DargLine=\"-Dfile.encoding=UTF-8\" -Dtest=\\PizzariaTest\\$EncapsulamentoTest",
      "input": "",
      "output": "",
      "comparison": "exact",
      "timeout": 10,
      "points": 1
    },
    {
      "name": "Pizzaria - Métodos - adicionarPedido",
      "setup": "",
      "run": "mvn test -DargLine=\"-Dfile.encoding=UTF-8\" -Dtest=\\PizzariaTest\\$AdicionarPedidoTest",
      "input": "",
      "output": "",
      "comparison": "exact",
      "timeout": 10,
      "points": 1
    },
    {
      "name": "Pizzaria - Métodos - qtdPedidos",
      "setup": "",
      "run": "mvn test -DargLine=\"-Dfile.encoding=UTF-8\" -Dtest=\\PizzariaTest\\$QtdPedidosTest",
      "input": "",
      "output": "",
      "comparison": "exact",
      "timeout": 10,
      "points": 1
    },
    {
      "name": "Pizzaria - Métodos - qtdPedidosDelivery",
      "setup": "",
      "run": "mvn test -DargLine=\"-Dfile.encoding=UTF-8\" -Dtest=\\PizzariaTest\\$QtdPedidosDeliveryTest",
      "input": "",
      "output": "",
      "comparison": "exact",
      "timeout": 10,
      "points": 1
    },
    {
      "name": "Pizzaria - Métodos - qtdUnidadesVendidas",
      "setup": "",
      "run": "mvn test -DargLine=\"-Dfile.encoding=UTF-8\" -Dtest=\\PizzariaTest\\$QtdUnidadesVendidasTest",
      "input": "",
      "output": "",
      "comparison": "exact",
      "timeout": 10,
      "points": 1
    },
    {
      "name": "Pizzaria - Métodos - calcularFaturamento",
      "setup": "",
      "run": "mvn test -DargLine=\"-Dfile.encoding=UTF-8\" -Dtest=\\PizzariaTest\\$CalcularFaturamentoTest",
      "input": "",
      "output": "",
      "comparison": "exact",
      "timeout": 10,
      "points": 1
    },
    {
      "name": "Sabor - Constantes",
      "setup": "",
      "run": "mvn test -DargLine=\"-Dfile.encoding=UTF-8\" -Dtest=\\SaborTest\\$ConstantesTest",
      "input": "",
      "output": "",
      "comparison": "exact",
      "timeout": 10,
      "points": 1
    },
    {
      "name": "Sabor - Atributos",
      "setup": "",
      "run": "mvn test -DargLine=\"-Dfile.encoding=UTF-8\" -Dtest=\\SaborTest\\$AtributosTest",
      "input": "",
      "output": "",
      "comparison": "exact",
      "timeout": 10,
      "points": 1
    },
    {
      "name": "Sabor - Encapsulamento",
      "setup": "",
      "run": "mvn test -DargLine=\"-Dfile.encoding=UTF-8\" -Dtest=\\SaborTest\\$EncapsulamentoTest",
      "input": "",
      "output": "",
      "comparison": "exact",
      "timeout": 10,
      "points": 1
    },
    {
      "name": "Sabor - Preços",
      "setup": "",
      "run": "mvn test -DargLine=\"-Dfile.encoding=UTF-8\" -Dtest=\\SaborTest\\$PrecoTest",
      "input": "",
      "output": "",
      "comparison": "exact",
      "timeout": 10,
      "points": 1
    },
    {
      "name": "Status - Constantes",
      "setup": "",
      "run": "mvn test -DargLine=\"-Dfile.encoding=UTF-8\" -Dtest=\\StatusTest\\$ConstantesTest",
      "input": "",
      "output": "",
      "comparison": "exact",
      "timeout": 10,
      "points": 1
    }
  ]
}